insert into public.roles (role_key, role_name)
values
  ('company_admin', 'Company Admin'),
  ('manager', 'Manager'),
  ('sales_executive', 'Sales Executive'),
  ('view_only', 'View Only')
on conflict (role_key) do update set role_name = excluded.role_name;

insert into public.permissions (permission_key, description)
values
  ('dashboard.view', 'View dashboard'),
  ('users.read', 'View users in company'),
  ('users.invite', 'Invite users into company'),
  ('users.update_role', 'Update user role'),
  ('users.update_status', 'Update user status'),
  ('users.update_manager', 'Assign reporting manager'),
  ('leads.read', 'View leads'),
  ('leads.create', 'Create leads'),
  ('leads.update', 'Update lead details and notes'),
  ('leads.assign', 'Assign leads to users'),
  ('followups.read', 'View follow-up tasks'),
  ('followups.manage', 'Create and update follow-up tasks'),
  ('site_visits.read', 'View site visits'),
  ('site_visits.manage', 'Create and update site visits'),
  ('reports.view', 'View company reports'),
  ('reports.export', 'Export reports'),
  ('import.manage', 'Manage lead imports'),
  ('notifications.read', 'Read notifications'),
  ('notifications.manage', 'Manage notifications'),
  ('activity_logs.view', 'View activity logs')
on conflict (permission_key) do update set description = excluded.description;

insert into public.role_permissions (role_key, permission_key)
values
  ('company_admin', 'dashboard.view'),
  ('company_admin', 'users.read'),
  ('company_admin', 'users.invite'),
  ('company_admin', 'users.update_role'),
  ('company_admin', 'users.update_status'),
  ('company_admin', 'users.update_manager'),
  ('company_admin', 'leads.read'),
  ('company_admin', 'leads.create'),
  ('company_admin', 'leads.update'),
  ('company_admin', 'leads.assign'),
  ('company_admin', 'followups.read'),
  ('company_admin', 'followups.manage'),
  ('company_admin', 'site_visits.read'),
  ('company_admin', 'site_visits.manage'),
  ('company_admin', 'reports.view'),
  ('company_admin', 'reports.export'),
  ('company_admin', 'import.manage'),
  ('company_admin', 'notifications.read'),
  ('company_admin', 'notifications.manage'),
  ('company_admin', 'activity_logs.view'),
  ('manager', 'dashboard.view'),
  ('manager', 'leads.read'),
  ('manager', 'leads.create'),
  ('manager', 'leads.update'),
  ('manager', 'leads.assign'),
  ('manager', 'followups.read'),
  ('manager', 'followups.manage'),
  ('manager', 'site_visits.read'),
  ('manager', 'site_visits.manage'),
  ('manager', 'reports.view'),
  ('manager', 'reports.export'),
  ('manager', 'import.manage'),
  ('manager', 'notifications.read'),
  ('manager', 'notifications.manage'),
  ('manager', 'activity_logs.view'),
  ('sales_executive', 'dashboard.view'),
  ('sales_executive', 'leads.read'),
  ('sales_executive', 'leads.update'),
  ('sales_executive', 'followups.read'),
  ('sales_executive', 'site_visits.read'),
  ('sales_executive', 'site_visits.manage'),
  ('sales_executive', 'reports.view'),
  ('sales_executive', 'notifications.read'),
  ('view_only', 'dashboard.view'),
  ('view_only', 'leads.read'),
  ('view_only', 'followups.read'),
  ('view_only', 'site_visits.read'),
  ('view_only', 'reports.view'),
  ('view_only', 'notifications.read'),
  ('view_only', 'activity_logs.view')
on conflict (role_key, permission_key) do nothing;
